01_The_Approach.cmb,0,1,2,8,10,12
02_The_Grand_Foyer.cmb,0,1,2,12,17,22
03_Drainage_Pool.cmb,0,1,2,25,35,45
04_Ruined_Hallway.cmb,0,1,2,8,10,16
05_Floodplain_Locks.cmb,2,3,4,14,17,20
06_Drained_Aqueduct.cmb,4,5,7,14,18,21
07_Ventilation_Shaft.cmb,3,4,6,14,17,23
08_Lower_Servants_Passage.cmb,0,1,2,16,19,22
09_Furnace_Stacks.cmb,1,2,4,24,28,32
10_Collapsed_Storage.cmb,3,4,6,12,15,19
11_Dried_Well.cmb,3,4,7,22,27,31
12_Subterranean_Fissure.cmb,0,1,2,8,11,14
13_Excavated_Seam.cmb,0,1,2,14,17,20
14_Sewer_Crawlspace.cmb,5,7,9,12,18,21
15_Shattered_Staircase.cmb,4,7,10,14,17,23
16_Penitent_Apartments.cmb,3,5,7,18,22,26
17_Crushed_Crosswalk.cmb,2,4,6,9,13,16
18_Servants_Galley.cmb,3,5,7,11,14,19
19_Dilapidated_Steps.cmb,2,4,6,18,22,26
20_Lower_Spiral_Terrace.cmb,0,1,2,15,18,23
21_Cellar_Storage.cmb,0,1,2,12,15,18
22_Parishoner's_Skylight.cmb,5,8,11,25,30,35
23_Livestock_Pens.cmb,0,1,2,10,13,16
24_Dumbwaiter_Origin.cmb,0,1,2,22,26,30
25_Foundry_Cornerstone.cmb,1,5,7,8,23,31
26_Petitioner's_Meetinghouse.cmb,1,2,3,3,7,12
27_Eroded_Viaduct.cmb,1,2,3,20,25,30
52_Balcony_Of_Dawn.cmb,5,8,11,36,42,50
28_Lower_Temple_Buttress.cmb,6,9,11,19,26,35
29_Seminary_Halls.cmb,2,4,6,33,40,47
30_Relic_Storage.cmb,5,7,10,25,30,35
31_Gemworker's_Sluicegates.cmb,2,4,6,49,50,54
32_Overflow_Control.cmb,5,7,11,36,44,54
33_Lower_Guardhouse.cmb,4,6,8,26,30,38
34_Theater_Balcony.cmb,1,2,3,43,50,57
35_Brightened_Crevice.cmb,7,9,11,22,29,36
36_Unfinished_Passage.cmb,2,3,4,19,23,28
37_Crumbled_Spiral_Terrace.cmb,0,1,2,17,20,25
38_Eastern_Temple_Plinth.cmb,5,7,9,28,32,38
39_Vault_Shutters.cmb,1,2,3,22,26,30
40_Magnate's_Garbage_Chute.cmb,19,24,30,82,92,110
41_Steeplejack_Access.cmb,4,6,8,51,56,66
42_Cleric's_Drawbridge.cmb,4,5,7,40,66,76
43_Advisor's_Balcony.cmb,16,20,24,64,74,84
44_Bascilica_Spotlight.cmb,7,9,12,57,66,75
45_Pallbearer_Lifts.cmb,5,6,7,42,45,51
46_Toppled_Colonnade.cmb,8,10,12,43,48,55
47_Infested_Pediment.cmb,8,10,12,39,44,50
48_Tithe_Depository.cmb,18,22,26,79,88,97
49_Grand_Skyway.cmb,0,1,3,96,100,104
50_Tradesmens_Dormitories.cmb,4,5,7,21,26,32
51_Second_Sun.cmb,78,90,105,340,370,400
52_Balcony_Of_Dawn.cmb,5,6,8,32,38,44
53_Slimy_Downspout.cmb,0,1,2,15,17,20
54_Elevator_Switchboard.cmb,5,6,8,34,44,54
55_Lower_Breaker_Core.cmb,7,9,11,23,28,33
56_High_Temple_Buttress_East.cmb,5,6,8,81,88,97
57_High_Temple_Buttress_West.cmb,4,5,7,50,55,62
58_Exposed_Belfry.cmb,15,18,21,56,62,70
59_Parlaiment_Boxes.cmb,10,13,17,62,71,80
60_Substation_Gearbox.cmb,12,15,18,49,57,65
100_Oblivions_Edge.cmb,0,2,4,57,62,70
